"DTI_CL_ANO","Año","DTI_CL_CUT_2010","Región Provincia Comuna","Value","Flag Codes","Flags"
"2010","2010","15101","Arica",90686.7605378,,
"2010","2010","01101","Iquique",179031.09393674,,
"2010","2010","02101","Antofagasta",247666.7656905,,
"2010","2010","02201","Calama",188269.913868666,,
"2010","2010","03101","Copiapó",84217.1501939,,
"2010","2010","04101","La Serena",139028.9990263,,
"2010","2010","04102","Coquimbo",117549.9231341,,
"2010","2010","04301","Ovalle",42631.31887917,,
"2010","2010","05101","Valparaíso",170026.139383985,,
"2010","2010","05103","Concón",39718.400011828,,
"2010","2010","05109","Viña del Mar",303559.331494428,,
"2010","2010","05301","Los Andes",35061.651672646,,
"2010","2010","05601","San Antonio",51162.05581837,,
"2010","2010","05701","San Felipe",28522.433082974,,
"2010","2010","05801","Quilpué",82263.722865398,,
"2010","2010","05804","Villa Alemana",23622.585155848,,
"2010","2010","06101","Rancagua",142792.33054148,,
"2010","2010","06301","San Fernando",28464.57839058,,
"2010","2010","07101","Talca",149366.7517965,,
"2010","2010","07301","Curicó",53486.7109066,,
"2010","2010","07401","Linares",41087.89362856,,
"2010","2010","08101","Concepción",216322.7708945,,
"2010","2010","08102","Coronel",146955.9537199,,
"2010","2010","08103","Chiguayante",69960.5813796,,
"2010","2010","08105","Hualqui",6243.82836315,,
"2010","2010","08106","Lota",14097.231186361,,
"2010","2010","08107","Penco",61752.7937536,,
"2010","2010","08108","San Pedro de la Paz",148963.4701176,,
"2010","2010","08110","Talcahuano",159483.5548076,,
"2010","2010","08111","Tomé",26965.891323447,,
"2010","2010","08112","Hualpén",69707.8921581,,
"2010","2010","08301","Los Ángeles",95040.171245,,
"2010","2010","08401","Chillán",91986.1039385,,
"2010","2010","09101","Temuco",132929.0059517,,
"2010","2010","09112","Padre Las Casas",9083.40661416,,
"2010","2010","09201","Angol",23427.403674442,,
"2010","2010","14101","Valdivia",67695.7289979,,
"2010","2010","10101","Puerto Montt",235290.4594072,,
"2010","2010","10301","Osorno",48754.64805011,,
"2010","2010","11101","Coyhaique",30144.505222771,,
"2010","2010","12101","Punta Arenas",101346.12416935,,
"2010","2010","13101","Santiago",549972.500033474,,
"2010","2010","13102","Cerrillos",175454.8072184,,
"2010","2010","13103","Cerro Navia",36081.02799017,,
"2010","2010","13104","Conchalí",97077.4649538,,
"2010","2010","13105","El Bosque",93244.5733403,,
"2010","2010","13106","Estación Central",142466.975939,,
"2010","2010","13107","Huechuraba",124266.75917867,,
"2010","2010","13108","Independencia",109908.79359578,,
"2010","2010","13109","La Cisterna",164342.017443,,
"2010","2010","13110","La Florida",306784.994828218,,
"2010","2010","13111","La Granja",143208.03321814,,
"2010","2010","13112","La Pintana",155451.2564845,,
"2010","2010","13113","La Reina",131041.012107515,,
"2010","2010","13114","Las Condes",340413.9963909,,
"2010","2010","13115","Lo Barnechea",87110.211517,,
"2010","2010","13116","Lo Espejo",104885.9682335,,
"2010","2010","13117","Lo Prado",46833.916221999,,
"2010","2010","13118","Macul",188049.552891593,,
"2010","2010","13119","Maipú",367538.52245411,,
"2010","2010","13120","Ñuñoa",281262.383878,,
"2010","2010","13121","Pedro Aguirre Cerda",94658.6809415,,
"2010","2010","13122","Peñalolén",192079.79312507,,
"2010","2010","13123","Providencia",316653.92228266,,
"2010","2010","13124","Pudahuel",140973.7679393,,
"2010","2010","13125","Quilicura",230306.8049203,,
"2010","2010","13126","Quinta Normal",116228.1353546,,
"2010","2010","13127","Recoleta",114418.50387151,,
"2010","2010","13128","Renca",182697.2724651,,
"2010","2010","13129","San Joaquín",106213.393345363,,
"2010","2010","13130","San Miguel",148265.3197024,,
"2010","2010","13131","San Ramón",74966.064295182,,
"2010","2010","13132","Vitacura",205571.2916128,,
"2010","2010","13201","Puente Alto",264027.2005374,,
"2010","2010","13301","Colina",157662.8786092,,
"2010","2010","13302","Lampa",102289.50103,,
"2010","2010","13303","Tiltil",506.447409146,,
"2010","2010","13401","San Bernardo",446819.5725742,,
"2011","2011","15101","Arica",90711.50493582,,
"2011","2011","01101","Iquique",174306.5708306,,
"2011","2011","02101","Antofagasta",272585.005334303,,
"2011","2011","02201","Calama",190854.790213926,,
"2011","2011","03101","Copiapó",85050.9896757,,
"2011","2011","04101","La Serena",141420.4062664,,
"2011","2011","04102","Coquimbo",119580.9507087,,
"2011","2011","04301","Ovalle",44524.91464092,,
"2011","2011","05101","Valparaíso",171830.968469768,,
"2011","2011","05103","Concón",40137.045566745,,
"2011","2011","05109","Viña del Mar",307122.423809797,,
"2011","2011","05301","Los Andes",36160.528577279,,
"2011","2011","05601","San Antonio",50650.472302925,,
"2011","2011","05701","San Felipe",29999.262835454,,
"2011","2011","05801","Quilpué",82856.627046403,,
"2011","2011","05804","Villa Alemana",23820.212552115,,
"2011","2011","06101","Rancagua",145301.18367466,,
"2011","2011","06301","San Fernando",30960.06121916,,
"2011","2011","07101","Talca",120693.4745568,,
"2011","2011","07301","Curicó",55034.37968,,
"2011","2011","07401","Linares",43460.80575943,,
"2011","2011","08101","Concepción",221866.6639972,,
"2011","2011","08102","Coronel",150350.1000005,,
"2011","2011","08103","Chiguayante",72124.4238911,,
"2011","2011","08105","Hualqui",6480.18550359,,
"2011","2011","08106","Lota",14328.019154113,,
"2011","2011","08107","Penco",63028.9615474,,
"2011","2011","08108","San Pedro de la Paz",153934.5124785,,
"2011","2011","08110","Talcahuano",164214.7786578,,
"2011","2011","08111","Tomé",27494.563175105,,
"2011","2011","08112","Hualpén",71684.4696726,,
"2011","2011","08301","Los Ángeles",95923.22689572,,
"2011","2011","08401","Chillán",95553.4742033,,
"2011","2011","09101","Temuco",136035.2877925,,
"2011","2011","09112","Padre Las Casas",9209.95931115,,
"2011","2011","09201","Angol",20651.813423022,,
"2011","2011","14101","Valdivia",69204.0957869,,
"2011","2011","10101","Puerto Montt",224164.8837353,,
"2011","2011","10301","Osorno",50570.43586623,,
"2011","2011","11101","Coyhaique",33027.01462222,,
"2011","2011","12101","Punta Arenas",106080.85109279,,
"2011","2011","13101","Santiago",552568.259364235,,
"2011","2011","13102","Cerrillos",180069.4025496,,
"2011","2011","13103","Cerro Navia",37105.45549737,,
"2011","2011","13104","Conchalí",99833.2601054,,
"2011","2011","13105","El Bosque",94889.7806452,,
"2011","2011","13106","Estación Central",145219.932863,,
"2011","2011","13107","Huechuraba",128087.20314148,,
"2011","2011","13108","Independencia",111875.00782478,,
"2011","2011","13109","La Cisterna",167210.283654,,
"2011","2011","13110","La Florida",312438.590285627,,
"2011","2011","13111","La Granja",145838.12231734,,
"2011","2011","13112","La Pintana",158304.7593497,,
"2011","2011","13113","La Reina",132888.061131415,,
"2011","2011","13114","Las Condes",346725.3062099,,
"2011","2011","13115","Lo Barnechea",89382.3736092,,
"2011","2011","13116","Lo Espejo",107851.2560014,,
"2011","2011","13117","Lo Prado",47617.767549299,,
"2011","2011","13118","Macul",190617.043756995,,
"2011","2011","13119","Maipú",379191.57577985,,
"2011","2011","13120","Ñuñoa",285331.421063,,
"2011","2011","13121","Pedro Aguirre Cerda",96509.4636552,,
"2011","2011","13122","Peñalolén",196489.02061389,,
"2011","2011","13123","Providencia",318788.03436686,,
"2011","2011","13124","Pudahuel",146467.1345619,,
"2011","2011","13125","Quilicura",235888.0013843,,
"2011","2011","13126","Quinta Normal",118613.14887317,,
"2011","2011","13127","Recoleta",116102.79145168,,
"2011","2011","13128","Renca",188060.9123421,,
"2011","2011","13129","San Joaquín",107597.507554651,,
"2011","2011","13130","San Miguel",150057.7572993,,
"2011","2011","13131","San Ramón",76522.421600082,,
"2011","2011","13132","Vitacura",209734.1503985,,
"2011","2011","13201","Puente Alto",272367.8563535,,
"2011","2011","13301","Colina",157380.6517839,,
"2011","2011","13302","Lampa",105665.1628209,,
"2011","2011","13303","Tiltil",529.554231212,,
"2011","2011","13401","San Bernardo",461761.9686446,,
"2012","2012","15101","Arica",112356.42231,,
"2012","2012","01101","Iquique",178392.074912,,
"2012","2012","02101","Antofagasta",271973.29144,,
"2012","2012","02201","Calama",79484.25156,,
"2012","2012","03101","Copiapó",102483.64119,,
"2012","2012","04101","La Serena",136038.23076,,
"2012","2012","04102","Coquimbo",114364.22746,,
"2012","2012","04301","Ovalle",26082.12874,,
"2012","2012","05101","Valparaíso",167687.17313,,
"2012","2012","05103","Concón",39873.36856,,
"2012","2012","05109","Viña del Mar",298719.43424,,
"2012","2012","05301","Los Andes",42110.647516911,,
"2012","2012","05601","San Antonio",58984.873000456,,
"2012","2012","05701","San Felipe",34935.561853392,,
"2012","2012","05801","Quilpué",79839.72646,,
"2012","2012","05804","Villa Alemana",22840.58204,,
"2012","2012","06101","Rancagua",142017.17503,,
"2012","2012","06301","San Fernando",36054.45707,,
"2012","2012","07101","Talca",135444.80741,,
"2012","2012","07301","Curicó",39581.37493,,
"2012","2012","07401","Linares",24329.18195,,
"2012","2012","08101","Concepción",203881.4684,,
"2012","2012","08102","Coronel",138496.5665,,
"2012","2012","08103","Chiguayante",69355.28947,,
"2012","2012","08105","Hualqui",6737.352,,
"2012","2012","08106","Lota",15290.89096,,
"2012","2012","08107","Penco",55354.6219,,
"2012","2012","08108","San Pedro de la Paz",143689.04104,,
"2012","2012","08110","Talcahuano",150641.25337,,
"2012","2012","08111","Tomé",24783.1832,,
"2012","2012","08112","Hualpén",68382.93013,,
"2012","2012","08301","Los Ángeles",100497.5647,,
"2012","2012","08401","Chillán",103896.4538,,
"2012","2012","09101","Temuco",143306.21673,,
"2012","2012","09112","Padre Las Casas",9018.4096,,
"2012","2012","09201","Angol",12262.34257,,
"2012","2012","14101","Valdivia",69609.37279,,
"2012","2012","10101","Puerto Montt",142719.26595,,
"2012","2012","10301","Osorno",55437.36633,,
"2012","2012","11101","Coyhaique",38461.5221599,,
"2012","2012","12101","Punta Arenas",52620.45209,,
"2012","2012","13101","Santiago",484126.13299,,
"2012","2012","13102","Cerrillos",166300.5132,,
"2012","2012","13103","Cerro Navia",32707.95677,,
"2012","2012","13104","Conchalí",85732.69574,,
"2012","2012","13105","El Bosque",81030.63326,,
"2012","2012","13106","Estación Central",133356.7171,,
"2012","2012","13107","Huechuraba",112064.3868,,
"2012","2012","13108","Independencia",100908.06682,,
"2012","2012","13109","La Cisterna",146034.59729,,
"2012","2012","13110","La Florida",287002.72944,,
"2012","2012","13111","La Granja",134695.5788,,
"2012","2012","13112","La Pintana",155478.48099,,
"2012","2012","13113","La Reina",114973.5356,,
"2012","2012","13114","Las Condes",337236.47333,,
"2012","2012","13115","Lo Barnechea",87105.01749,,
"2012","2012","13116","Lo Espejo",92169.38608,,
"2012","2012","13117","Lo Prado",43418.96286,,
"2012","2012","13118","Macul",171001.86644,,
"2012","2012","13119","Maipú",343743.12319,,
"2012","2012","13120","Ñuñoa",253989.64658,,
"2012","2012","13121","Pedro Aguirre Cerda",78370.90851,,
"2012","2012","13122","Peñalolén",169743.18049,,
"2012","2012","13123","Providencia",320806.84086,,
"2012","2012","13124","Pudahuel",126538.23494,,
"2012","2012","13125","Quilicura",191848.04741,,
"2012","2012","13126","Quinta Normal",110177.34715,,
"2012","2012","13127","Recoleta",113919.64511,,
"2012","2012","13128","Renca",167848.98902,,
"2012","2012","13129","San Joaquín",90279.85505,,
"2012","2012","13130","San Miguel",121992.23619,,
"2012","2012","13131","San Ramón",71148.39563,,
"2012","2012","13132","Vitacura",206216.24912,,
"2012","2012","13201","Puente Alto",247269.90629,,
"2012","2012","13301","Colina",148849.29568,,
"2012","2012","13302","Lampa",93872.15505,,
"2012","2012","13303","Tiltil",598.58935,,
"2012","2012","13401","San Bernardo",461272.43681,,
"2013","2013","15101","Arica",100033.99081,,
"2013","2013","01101","Iquique",138309.40005,,
"2013","2013","02101","Antofagasta",269952.34977,,
"2013","2013","02201","Calama",85720.55553,,
"2013","2013","03101","Copiapó",123975.68425,,
"2013","2013","04101","La Serena",250671.88459,,
"2013","2013","04102","Coquimbo",189816.59688,,
"2013","2013","04301","Ovalle",27798.8452,,
"2013","2013","05101","Valparaíso",193046.11706,,
"2013","2013","05103","Concón",44712.50285,,
"2013","2013","05109","Viña del Mar",338518.62419,,
"2013","2013","05301","Los Andes",49039.84272604,,
"2013","2013","05601","San Antonio",68690.677187822,,
"2013","2013","05701","San Felipe",40684.115777519,,
"2013","2013","05801","Quilpué",94925.5589,,
"2013","2013","05804","Villa Alemana",25745.17009,,
"2013","2013","06101","Rancagua",157265.64265,,
"2013","2013","06301","San Fernando",41987.12222564,,
"2013","2013","07101","Talca",164519.05792,,
"2013","2013","07301","Curicó",38773.3051,,
"2013","2013","07401","Linares",26092.65162,,
"2013","2013","08101","Concepción",215799.968910002,,
"2013","2013","08102","Coronel",146714.380770001,,
"2013","2013","08103","Chiguayante",73392.4380400006,,
"2013","2013","08105","Hualqui",6645.5641500001,,
"2013","2013","08106","Lota",15741.54425,,
"2013","2013","08107","Penco",59440.5735100003,,
"2013","2013","08108","San Pedro de la Paz",152916.464200001,,
"2013","2013","08110","Talcahuano",175676.879370001,,
"2013","2013","08111","Tomé",26670.1386800002,,
"2013","2013","08112","Hualpén",67675.9561200006,,
"2013","2013","08301","Los Ángeles",114656.81707,,
"2013","2013","08401","Chillán",107679.86252,,
"2013","2013","09101","Temuco",153417.66001,,
"2013","2013","09112","Padre Las Casas",9504.45298,,
"2013","2013","09201","Angol",16557.76346,,
"2013","2013","14101","Valdivia",66404.59169,,
"2013","2013","10101","Puerto Montt",137732.43626,,
"2013","2013","10301","Osorno",34974.60684,,
"2013","2013","11101","Coyhaique",44790.26348324,,
"2013","2013","12101","Punta Arenas",56386.88471,,
"2013","2013","13101","Santiago",522352.584074139,,
"2013","2013","13102","Cerrillos",193682.508736202,,
"2013","2013","13103","Cerro Navia",37359.9513199791,,
"2013","2013","13104","Conchalí",115533.353518497,,
"2013","2013","13105","El Bosque",89198.0233039168,,
"2013","2013","13106","Estación Central",156836.659476756,,
"2013","2013","13107","Huechuraba",133382.977348781,,
"2013","2013","13108","Independencia",114398.424144306,,
"2013","2013","13109","La Cisterna",168169.41415032,,
"2013","2013","13110","La Florida",274442.082842531,,
"2013","2013","13111","La Granja",160816.031861479,,
"2013","2013","13112","La Pintana",177856.526898025,,
"2013","2013","13113","La Reina",108448.683994239,,
"2013","2013","13114","Las Condes",361309.109474159,,
"2013","2013","13115","Lo Barnechea",95460.9892272455,,
"2013","2013","13116","Lo Espejo",103947.753744137,,
"2013","2013","13117","Lo Prado",48354.5414476631,,
"2013","2013","13118","Macul",189326.546775258,,
"2013","2013","13119","Maipú",414331.135899904,,
"2013","2013","13120","Ñuñoa",277245.53163064,,
"2013","2013","13121","Pedro Aguirre Cerda",79078.7054150955,,
"2013","2013","13122","Peñalolén",181872.183733054,,
"2013","2013","13123","Providencia",343901.372506024,,
"2013","2013","13124","Pudahuel",156797.209038534,,
"2013","2013","13125","Quilicura",258938.22574285,,
"2013","2013","13126","Quinta Normal",130227.979815262,,
"2013","2013","13127","Recoleta",139679.892243907,,
"2013","2013","13128","Renca",209227.419640511,,
"2013","2013","13129","San Joaquín",100331.984982987,,
"2013","2013","13130","San Miguel",120059.664454052,,
"2013","2013","13131","San Ramón",87878.7438260557,,
"2013","2013","13132","Vitacura",217214.187193166,,
"2013","2013","13201","Puente Alto",280734.829488008,,
"2013","2013","13301","Colina",179416.550676476,,
"2013","2013","13302","Lampa",122861.26493264,,
"2013","2013","13303","Tiltil",613.5710410763,,
"2013","2013","13401","San Bernardo",536478.141847583,,
"2014","2014","15101","Arica",105976.62966,,
"2014","2014","01101","Iquique",184051.41026,,
"2014","2014","02101","Antofagasta",315254.02234,,
"2014","2014","02201","Calama",88031.60286,,
"2014","2014","03101","Copiapó",128567.17497,,
"2014","2014","04101","La Serena",228208.19267,,
"2014","2014","04102","Coquimbo",169201.12129,,
"2014","2014","04301","Ovalle",28669.87562,,
"2014","2014","05101","Valparaíso",197496.00128,,
"2014","2014","05103","Concón",46532.51499,,
"2014","2014","05109","Viña del Mar",348130.85585,,
"2014","2014","05301","Los Andes",57109.21859942,,
"2014","2014","05601","San Antonio",79993.545687931,,
"2014","2014","05701","San Felipe",47378.578978276,,
"2014","2014","05801","Quilpué",97731.91096,,
"2014","2014","05804","Villa Alemana",26360.07214,,
"2014","2014","06101","Rancagua",163855.69847,,
"2014","2014","06301","San Fernando",48895.99167414,,
"2014","2014","07101","Talca",171184.34847,,
"2014","2014","07301","Curicó",40035.38565,,
"2014","2014","07401","Linares",27346.09421,,
"2014","2014","08101","Concepción",222020.83305,,
"2014","2014","08102","Coronel",147115.63214,,
"2014","2014","08103","Chiguayante",74973.79795,,
"2014","2014","08105","Hualqui",7214.23705,,
"2014","2014","08106","Lota",15234.49948,,
"2014","2014","08107","Penco",63746.1384,,
"2014","2014","08108","San Pedro de la Paz",156693.34189,,
"2014","2014","08110","Talcahuano",182139.47287,,
"2014","2014","08111","Tomé",27524.79428,,
"2014","2014","08112","Hualpén",74407.20084,,
"2014","2014","08301","Los Ángeles",134519.89804,,
"2014","2014","08401","Chillán",131832.28424,,
"2014","2014","09101","Temuco",178081.92357,,
"2014","2014","09112","Padre Las Casas",10990.24081,,
"2014","2014","09201","Angol",17209.17563,,
"2014","2014","14101","Valdivia",71321.77919,,
"2014","2014","10101","Puerto Montt",136898.83695,,
"2014","2014","10301","Osorno",36549.2701,,
"2014","2014","11101","Coyhaique",52160.38238761,,
"2014","2014","12101","Punta Arenas",57398.30342,,
"2014","2014","13101","Santiago",485552.39731,,
"2014","2014","13102","Cerrillos",205290.8407,,
"2014","2014","13103","Cerro Navia",37971.40178,,
"2014","2014","13104","Conchalí",123301.15611,,
"2014","2014","13105","El Bosque",85201.8517400001,,
"2014","2014","13106","Estación Central",180367.79092,,
"2014","2014","13107","Huechuraba",150422.08632,,
"2014","2014","13108","Independencia",134531.89484,,
"2014","2014","13109","La Cisterna",175160.52607,,
"2014","2014","13110","La Florida",338861.4868,,
"2014","2014","13111","La Granja",165056.70268,,
"2014","2014","13112","La Pintana",155158.70335,,
"2014","2014","13113","La Reina",156296.36559,,
"2014","2014","13114","Las Condes",412839.60265,,
"2014","2014","13115","Lo Barnechea",111367.00156,,
"2014","2014","13116","Lo Espejo",96044.5405000001,,
"2014","2014","13117","Lo Prado",51162.92816,,
"2014","2014","13118","Macul",220413.11827,,
"2014","2014","13119","Maipú",428606.13337,,
"2014","2014","13120","Ñuñoa",277182.7722,,
"2014","2014","13121","Pedro Aguirre Cerda",85398.17691,,
"2014","2014","13122","Peñalolén",233141.17655,,
"2014","2014","13123","Providencia",328701.66469,,
"2014","2014","13124","Pudahuel",149823.54993,,
"2014","2014","13125","Quilicura",248320.87355,,
"2014","2014","13126","Quinta Normal",121328.25227,,
"2014","2014","13127","Recoleta",156190.96632,,
"2014","2014","13128","Renca",215527.62665,,
"2014","2014","13129","San Joaquín",126741.91447,,
"2014","2014","13130","San Miguel",145921.5012,,
"2014","2014","13131","San Ramón",82501.0205800001,,
"2014","2014","13132","Vitacura",268929.16311,,
"2014","2014","13201","Puente Alto",351624.84378,,
"2014","2014","13301","Colina",259497.55784,,
"2014","2014","13302","Lampa",85740.6981500001,,
"2014","2014","13303","Tiltil",831.23777,,
"2014","2014","13401","San Bernardo",531144.60949,,
"2015","2015","15101","Arica",111960.94599,,
"2015","2015","01101","Iquique",188688.00633,,
"2015","2015","02101","Antofagasta",327691.19149,,
"2015","2015","02201","Calama",90228.49185,,
"2015","2015","03101","Copiapó",136940.04883,,
"2015","2015","04101","La Serena",256422.65334,,
"2015","2015","04102","Coquimbo",191717.18943,,
"2015","2015","04301","Ovalle",28961.44121,,
"2015","2015","05101","Valparaíso",129188.96562,,
"2015","2015","05103","Concón",50510.66752,,
"2015","2015","05109","Viña del Mar",167402.67295,,
"2015","2015","05301","Los Andes",86228.454434029,,
"2015","2015","05601","San Antonio",93156.2711886,,
"2015","2015","05701","San Felipe",73965.136010773,,
"2015","2015","05801","Quilpué",48031.58275,,
"2015","2015","05804","Villa Alemana",14644.69467,,
"2015","2015","06101","Rancagua",108688.92348,,
"2015","2015","06301","San Fernando",76882.08271034,,
"2015","2015","07101","Talca",177855.43822,,
"2015","2015","07301","Curicó",41349.65944,,
"2015","2015","07401","Linares",28303.53475,,
"2015","2015","08101","Concepción",246601.44636,,
"2015","2015","08102","Coronel",140698.13949,,
"2015","2015","08103","Chiguayante",71272.39262,,
"2015","2015","08105","Hualqui",6242.95604,,
"2015","2015","08106","Lota",15140.00112,,
"2015","2015","08107","Penco",64687.33306,,
"2015","2015","08108","San Pedro de la Paz",173837.59424,,
"2015","2015","08110","Talcahuano",197433.81207,,
"2015","2015","08111","Tomé",28894.23358,,
"2015","2015","08112","Hualpén",95286.2646,,
"2015","2015","08301","Los Ángeles",137036.73751,,
"2015","2015","08401","Chillán",160203.05767,,
"2015","2015","09101","Temuco",185590.61619,,
"2015","2015","09112","Padre Las Casas",11436.18199,,
"2015","2015","09201","Angol",18006.56652,,
"2015","2015","14101","Valdivia",39873.7832,,
"2015","2015","10101","Puerto Montt",137919.18208,,
"2015","2015","10301","Osorno",72902.53375,,
"2015","2015","11101","Coyhaique",84406.71874388,,
"2015","2015","12101","Punta Arenas",61230.13124,,
"2015","2015","13101","Santiago",582771.95097,,
"2015","2015","13102","Cerrillos",288777.52801,,
"2015","2015","13103","Cerro Navia",42126.749,,
"2015","2015","13104","Conchalí",116642.12812,,
"2015","2015","13105","El Bosque",102872.70487,,
"2015","2015","13106","Estación Central",221700.0704,,
"2015","2015","13107","Huechuraba",165812.45796,,
"2015","2015","13108","Independencia",129400.89772,,
"2015","2015","13109","La Cisterna",198038.22414,,
"2015","2015","13110","La Florida",363662.70032,,
"2015","2015","13111","La Granja",172434.47869,,
"2015","2015","13112","La Pintana",202798.726144657,,
"2015","2015","13113","La Reina",164846.05876,,
"2015","2015","13114","Las Condes",467542.27251,,
"2015","2015","13115","Lo Barnechea",123970.07706,,
"2015","2015","13116","Lo Espejo",120273.53379,,
"2015","2015","13117","Lo Prado",62760.76906,,
"2015","2015","13118","Macul",262920.15691,,
"2015","2015","13119","Maipú",617425.52464,,
"2015","2015","13120","Ñuñoa",303572.08523,,
"2015","2015","13121","Pedro Aguirre Cerda",105838.39683,,
"2015","2015","13122","Peñalolén",216516.73839,,
"2015","2015","13123","Providencia",386689.92352,,
"2015","2015","13124","Pudahuel",198737.06291,,
"2015","2015","13125","Quilicura",263293.7433,,
"2015","2015","13126","Quinta Normal",153662.28165,,
"2015","2015","13127","Recoleta",153079.20895,,
"2015","2015","13128","Renca",216067.7442,,
"2015","2015","13129","San Joaquín",141629.47984,,
"2015","2015","13130","San Miguel",161836.99636,,
"2015","2015","13131","San Ramón",101627.57166,,
"2015","2015","13132","Vitacura",291520.36471,,
"2015","2015","13201","Puente Alto",369858.44586,,
"2015","2015","13301","Colina",255925.9988,,
"2015","2015","13302","Lampa",118999.06907,,
"2015","2015","13303","Tiltil",1074.59713,,
"2015","2015","13401","San Bernardo",661209.44591,,
"2016","2016","15101","Arica",119026.62181,,
"2016","2016","01101","Iquique",196329.54839,,
"2016","2016","02101","Antofagasta",332214.89833,,
"2016","2016","02201","Calama",91620.2317,,
"2016","2016","03101","Copiapó",149655.29803,,
"2016","2016","04101","La Serena",266442.57579,,
"2016","2016","04102","Coquimbo",200597.67596,,
"2016","2016","04301","Ovalle",18735.0057,,
"2016","2016","05101","Valparaíso",244300.37549,,
"2016","2016","05103","Concón",86306.8655,,
"2016","2016","05109","Viña del Mar",388878.17081,,
"2016","2016","05301","Los Andes",100789.618071633,,
"2016","2016","05601","San Antonio",130592.149994547,,
"2016","2016","05701","San Felipe",86761.6283999639,,
"2016","2016","05801","Quilpué",104592.98242,,
"2016","2016","05804","Villa Alemana",32226.1634,,
"2016","2016","06101","Rancagua",212872.88995,,
"2016","2016","06301","San Fernando",90374.8938961695,,
"2016","2016","07101","Talca",170575.77008,,
"2016","2016","07301","Curicó",44043.46657,,
"2016","2016","07401","Linares",26608.18813,,
"2016","2016","08101","Concepción",271958.63755,,
"2016","2016","08102","Coronel",28179.22886,,
"2016","2016","08103","Chiguayante",45772.65552,,
"2016","2016","08105","Hualqui",2259.78408,,
"2016","2016","08106","Lota",50.13481,,
"2016","2016","08107","Penco",70600.59913,,
"2016","2016","08108","San Pedro de la Paz",202003.8193,,
"2016","2016","08110","Talcahuano",201910.36979,,
"2016","2016","08111","Tomé",28321.56047,,
"2016","2016","08112","Hualpén",95505.67434,,
"2016","2016","08301","Los Ángeles",125523.24016,,
"2016","2016","08401","Chillán",155629.61089,,
"2016","2016","09101","Temuco",283516.59709,,
"2016","2016","09112","Padre Las Casas",33355.29849,,
"2016","2016","09201","Angol",16165.07678,,
"2016","2016","14101","Valdivia",70855.60855,,
"2016","2016","10101","Puerto Montt",170966.52354,,
"2016","2016","10301","Osorno",74682.63297,,
"2016","2016","11101","Coyhaique",98151.1999793035,,
"2016","2016","12101","Punta Arenas",46540.29223,,
"2016","2016","13101","Santiago",571479.55788,,
"2016","2016","13102","Cerrillos",267519.77037,,
"2016","2016","13103","Cerro Navia",65437.08087,,
"2016","2016","13104","Conchalí",148759.05145,,
"2016","2016","13105","El Bosque",104211.23218,,
"2016","2016","13106","Estación Central",247515.84779,,
"2016","2016","13107","Huechuraba",188046.05632,,
"2016","2016","13108","Independencia",152919.45824,,
"2016","2016","13109","La Cisterna",183121.93474,,
"2016","2016","13110","La Florida",362709.56758,,
"2016","2016","13111","La Granja",159549.75029,,
"2016","2016","13112","La Pintana",191686.429521344,,
"2016","2016","13113","La Reina",161497.16109,,
"2016","2016","13114","Las Condes",474039.74122,,
"2016","2016","13115","Lo Barnechea",114268.93089,,
"2016","2016","13116","Lo Espejo",102879.94957,,
"2016","2016","13117","Lo Prado",80933.67841,,
"2016","2016","13118","Macul",218104.51448,,
"2016","2016","13119","Maipú",510172.10954,,
"2016","2016","13120","Ñuñoa",320437.42574,,
"2016","2016","13121","Pedro Aguirre Cerda",94648.53964,,
"2016","2016","13122","Peñalolén",205763.30894,,
"2016","2016","13123","Providencia",389821.68692,,
"2016","2016","13124","Pudahuel",229898.15788,,
"2016","2016","13125","Quilicura",299157.8523,,
"2016","2016","13126","Quinta Normal",164596.22113,,
"2016","2016","13127","Recoleta",174632.7238,,
"2016","2016","13128","Renca",224752.37319,,
"2016","2016","13129","San Joaquín",120554.28469,,
"2016","2016","13130","San Miguel",148259.02993,,
"2016","2016","13131","San Ramón",97572.59236,,
"2016","2016","13132","Vitacura",314150.34163,,
"2016","2016","13201","Puente Alto",372533.58932,,
"2016","2016","13301","Colina",342440.73622,,
"2016","2016","13302","Lampa",187101.53188,,
"2016","2016","13303","Tiltil",127305.5657,,
"2016","2016","13401","San Bernardo",515463.5903,,
"2005","2005","15101","Arica",62454.17382986,,
"2005","2005","01101","Iquique",93258.1884437,,
"2005","2005","02101","Antofagasta",186838.6533912,,
"2005","2005","02201","Calama",124119.0676597,,
"2005","2005","03101","Copiapó",65143.3189555,,
"2005","2005","04101","La Serena",84178.0407553,,
"2005","2005","04102","Coquimbo",62279.31594857,,
"2005","2005","04301","Ovalle",26374.2185661316,,
"2005","2005","05101","Valparaíso",170698.50160608,,
"2005","2005","05103","Concón",30953.72057289,,
"2005","2005","05109","Viña del Mar",268137.3532175,,
"2005","2005","05301","Los Andes",19350.6120748024,,
"2005","2005","05601","San Antonio",32601.6891605517,,
"2005","2005","05701","San Felipe",18741.0917038931,,
"2005","2005","05801","Quilpué",82613.24183953,,
"2005","2005","05804","Villa Alemana",25303.52311785,,
"2005","2005","06101","Rancagua",81299.6626592,,
"2005","2005","06301","San Fernando",17192.6473128491,,
"2005","2005","07101","Talca",83857.35145618,,
"2005","2005","07301","Curicó",31890.4840121575,,
"2005","2005","07401","Linares",23103.8687842151,,
"2005","2005","08101","Concepción",172570.62676079,,
"2005","2005","08102","Coronel",75463.11679124,,
"2005","2005","08103","Chiguayante",52155.10349655,,
"2005","2005","08105","Hualqui",3447.608464555,,
"2005","2005","08106","Lota",9570.695731207,,
"2005","2005","08107","Penco",33848.473625312,,
"2005","2005","08108","San Pedro de la Paz",94625.46100222,,
"2005","2005","08110","Talcahuano",90361.5471763,,
"2005","2005","08111","Tomé",9668.503760787,,
"2005","2005","08112","Hualpén",44784.43084384,,
"2005","2005","08301","Los Ángeles",54850.86987542,,
"2005","2005","08401","Chillán",66921.26319796,,
"2005","2005","09101","Temuco",99274.0167976,,
"2005","2005","09112","Padre Las Casas",16883.35986763,,
"2005","2005","09201","Angol",10434.9000037325,,
"2005","2005","14101","Valdivia",51561.60260647,,
"2005","2005","10101","Puerto Montt",73766.25583653,,
"2005","2005","10301","Osorno",34108.72256233,,
"2005","2005","11101","Coyhaique",17711.6269948435,,
"2005","2005","12101","Punta Arenas",33488.1287171916,,
"2005","2005","13101","Santiago",399373.103811,,
"2005","2005","13102","Cerrillos",132367.4804782,,
"2005","2005","13103","Cerro Navia",23535.81505535,,
"2005","2005","13104","Conchalí",65070.5173712,,
"2005","2005","13105","El Bosque",58111.4637641,,
"2005","2005","13106","Estación Central",127629.007725,,
"2005","2005","13107","Huechuraba",65031.79518414,,
"2005","2005","13108","Independencia",80949.7800271,,
"2005","2005","13109","La Cisterna",119545.8956883,,
"2005","2005","13110","La Florida",226231.298038,,
"2005","2005","13111","La Granja",97225.2426712,,
"2005","2005","13112","La Pintana",91204.7622392,,
"2005","2005","13113","La Reina",92675.9106246,,
"2005","2005","13114","Las Condes",244205.063059,,
"2005","2005","13115","Lo Barnechea",48932.2290024,,
"2005","2005","13116","Lo Espejo",72985.9912885,,
"2005","2005","13117","Lo Prado",26978.65615199,,
"2005","2005","13118","Macul",145291.8281284,,
"2005","2005","13119","Maipú",250251.917496,,
"2005","2005","13120","Ñuñoa",202687.376327,,
"2005","2005","13121","Pedro Aguirre Cerda",55183.9655614,,
"2005","2005","13122","Peñalolén",124011.2598931,,
"2005","2005","13123","Providencia",237489.8577053,,
"2005","2005","13124","Pudahuel",77570.945433,,
"2005","2005","13125","Quilicura",120587.447644,,
"2005","2005","13126","Quinta Normal",79265.7873502,,
"2005","2005","13127","Recoleta",74582.6493722,,
"2005","2005","13128","Renca",119479.3584912,,
"2005","2005","13129","San Joaquín",59598.5189448,,
"2005","2005","13130","San Miguel",90837.3473719,,
"2005","2005","13131","San Ramón",51426.7997743,,
"2005","2005","13132","Vitacura",149966.1872437,,
"2005","2005","13201","Puente Alto",165433.454368,,
"2005","2005","13301","Colina",86806.5994341,,
"2005","2005","13302","Lampa",45337.9080747,,
"2005","2005","13401","San Bernardo",333009.928689,,
"2006","2006","15101","Arica",78698.07815,,
"2006","2006","01101","Iquique",142906.34492,,
"2006","2006","02101","Antofagasta",46291.78125365,,
"2006","2006","02201","Calama",137816.3683817,,
"2006","2006","03101","Copiapó",56435.10587086,,
"2006","2006","04101","La Serena",92120.7662966,,
"2006","2006","04102","Coquimbo",73078.2617816,,
"2006","2006","04301","Ovalle",27376.7259387031,,
"2006","2006","05101","Valparaíso",155332.50029871,,
"2006","2006","05103","Concón",35731.46868181,,
"2006","2006","05109","Viña del Mar",272309.8379329,,
"2006","2006","05301","Los Andes",21248.532348222,,
"2006","2006","05601","San Antonio",33417.9358593446,,
"2006","2006","05701","San Felipe",19351.9699599331,,
"2006","2006","05801","Quilpué",80382.11359373,,
"2006","2006","05804","Villa Alemana",23475.13533162,,
"2006","2006","06101","Rancagua",82506.8820262,,
"2006","2006","06301","San Fernando",18646.3704798754,,
"2006","2006","07101","Talca",61937.0438113,,
"2006","2006","07301","Curicó",35356.3954227386,,
"2006","2006","07401","Linares",24836.5664230712,,
"2006","2006","08101","Concepción",176427.05392109,,
"2006","2006","08102","Coronel",132426.62930015,,
"2006","2006","08103","Chiguayante",52148.62119958,,
"2006","2006","08105","Hualqui",4552.807675544,,
"2006","2006","08106","Lota",11962.497879852,,
"2006","2006","08107","Penco",53411.9051673,,
"2006","2006","08108","San Pedro de la Paz",120195.28673894,,
"2006","2006","08110","Talcahuano",136370.45690577,,
"2006","2006","08111","Tomé",21058.478390443,,
"2006","2006","08112","Hualpén",54003.59424132,,
"2006","2006","08301","Los Ángeles",50410.6583739,,
"2006","2006","08401","Chillán",46784.34873576,,
"2006","2006","09101","Temuco",112491.2482596,,
"2006","2006","09112","Padre Las Casas",10063.97732756,,
"2006","2006","09201","Angol",10889.152067251,,
"2006","2006","14101","Valdivia",57058.56532221,,
"2006","2006","10101","Puerto Montt",80674.69090453,,
"2006","2006","10301","Osorno",30091.14403579,,
"2006","2006","11101","Coyhaique",20637.8097664847,,
"2006","2006","12101","Punta Arenas",53657.6856469663,,
"2006","2006","13101","Santiago",459142.215412,,
"2006","2006","13102","Cerrillos",88113.6861505,,
"2006","2006","13103","Cerro Navia",44109.8496844,,
"2006","2006","13104","Conchalí",140669.4635854,,
"2006","2006","13105","El Bosque",83537.8285648,,
"2006","2006","13106","Estación Central",98606.314591,,
"2006","2006","13107","Huechuraba",96668.0068493,,
"2006","2006","13108","Independencia",85897.5915158,,
"2006","2006","13109","La Cisterna",103160.6569282,,
"2006","2006","13110","La Florida",337456.930461,,
"2006","2006","13111","La Granja",94226.2868311,,
"2006","2006","13112","La Pintana",116216.5230474,,
"2006","2006","13113","La Reina",150453.325779,,
"2006","2006","13114","Las Condes",290610.380429,,
"2006","2006","13115","Lo Barnechea",61976.2991804,,
"2006","2006","13116","Lo Espejo",51929.8578605,,
"2006","2006","13117","Lo Prado",52348.861138,,
"2006","2006","13118","Macul",169310.364925,,
"2006","2006","13119","Maipú",188914.616523,,
"2006","2006","13120","Ñuñoa",211623.149284,,
"2006","2006","13121","Pedro Aguirre Cerda",93127.599056,,
"2006","2006","13122","Peñalolén",125503.9642122,,
"2006","2006","13123","Providencia",251663.961551,,
"2006","2006","13124","Pudahuel",56351.831991,,
"2006","2006","13125","Quilicura",68337.6874552,,
"2006","2006","13126","Quinta Normal",110619.1378551,,
"2006","2006","13127","Recoleta",191421.3415937,,
"2006","2006","13128","Renca",57667.5320535,,
"2006","2006","13129","San Joaquín",90690.4679241,,
"2006","2006","13130","San Miguel",89182.8506118,,
"2006","2006","13131","San Ramón",61556.9025033,,
"2006","2006","13132","Vitacura",156828.041843,,
"2006","2006","13201","Puente Alto",366531.6983265,,
"2006","2006","13301","Colina",133721.676596,,
"2006","2006","13302","Lampa",68633.4387498,,
"2006","2006","13401","San Bernardo",199278.412953,,
"2007","2007","15101","Arica",89743.3435463,,
"2007","2007","01101","Iquique",149226.5972768,,
"2007","2007","02101","Antofagasta",214470.9098162,,
"2007","2007","02201","Calama",148618.084606,,
"2007","2007","03101","Copiapó",56843.31963651,,
"2007","2007","04101","La Serena",91499.7805891,,
"2007","2007","04102","Coquimbo",72581.8839326,,
"2007","2007","04301","Ovalle",35159.33353019,,
"2007","2007","05101","Valparaíso",153928.79825011,,
"2007","2007","05103","Concón",35098.48839618,,
"2007","2007","05109","Viña del Mar",268513.4700958,,
"2007","2007","05301","Los Andes",29054.53022519,,
"2007","2007","05601","San Antonio",41309.20912539,,
"2007","2007","05701","San Felipe",25979.17605164,,
"2007","2007","05801","Quilpué",79244.35280806,,
"2007","2007","05804","Villa Alemana",23249.70284038,,
"2007","2007","06101","Rancagua",83359.55771963,,
"2007","2007","06301","San Fernando",22635.76558093,,
"2007","2007","07101","Talca",126794.6698274,,
"2007","2007","07301","Curicó",44347.93229926,,
"2007","2007","07401","Linares",32135.37671134,,
"2007","2007","08101","Concepción",169797.4245569,,
"2007","2007","08102","Coronel",107997.6405238,,
"2007","2007","08103","Chiguayante",53268.2429139,,
"2007","2007","08105","Hualqui",4640.12153434,,
"2007","2007","08106","Lota",12066.558648799,,
"2007","2007","08107","Penco",54029.08229293,,
"2007","2007","08108","San Pedro de la Paz",119879.6505571,,
"2007","2007","08110","Talcahuano",115886.7353519,,
"2007","2007","08111","Tomé",20381.316514022,,
"2007","2007","08112","Hualpén",55731.7320124,,
"2007","2007","08301","Los Ángeles",62241.51852719,,
"2007","2007","08401","Chillán",71955.35545545,,
"2007","2007","09101","Temuco",122501.4378395,,
"2007","2007","09112","Padre Las Casas",10518.75887631,,
"2007","2007","09201","Angol",14992.825373433,,
"2007","2007","14101","Valdivia",56799.31541666,,
"2007","2007","10101","Puerto Montt",69110.67597955,,
"2007","2007","10301","Osorno",49666.09197749,,
"2007","2007","11101","Coyhaique",26620.680331238,,
"2007","2007","12101","Punta Arenas",67763.73226868,,
"2007","2007","13101","Santiago",517699.97109,,
"2007","2007","13102","Cerrillos",138351.4237767,,
"2007","2007","13103","Cerro Navia",25220.7537187,,
"2007","2007","13104","Conchalí",71986.802464,,
"2007","2007","13105","El Bosque",51054.6365451,,
"2007","2007","13106","Estación Central",140629.162628,,
"2007","2007","13107","Huechuraba",89493.55697697,,
"2007","2007","13108","Independencia",103827.8802112,,
"2007","2007","13109","La Cisterna",143001.335163,,
"2007","2007","13110","La Florida",271016.850727,,
"2007","2007","13111","La Granja",107442.794502,,
"2007","2007","13112","La Pintana",72513.4747663,,
"2007","2007","13113","La Reina",125681.0286119,,
"2007","2007","13114","Las Condes",358891.952698,,
"2007","2007","13115","Lo Barnechea",62561.59752108,,
"2007","2007","13116","Lo Espejo",68045.02393,,
"2007","2007","13117","Lo Prado",34847.2675063,,
"2007","2007","13118","Macul",173430.9064,,
"2007","2007","13119","Maipú",241089.414666,,
"2007","2007","13120","Ñuñoa",272005.638139,,
"2007","2007","13121","Pedro Aguirre Cerda",55745.3686461,,
"2007","2007","13122","Peñalolén",151089.864241,,
"2007","2007","13123","Providencia",344982.83414,,
"2007","2007","13124","Pudahuel",86489.5570393,,
"2007","2007","13125","Quilicura",133409.191907,,
"2007","2007","13126","Quinta Normal",100606.4329571,,
"2007","2007","13127","Recoleta",99988.3301665,,
"2007","2007","13128","Renca",143687.022782,,
"2007","2007","13129","San Joaquín",69387.3771621,,
"2007","2007","13130","San Miguel",113234.5776771,,
"2007","2007","13131","San Ramón",63501.6375229,,
"2007","2007","13132","Vitacura",212198.155107,,
"2007","2007","13201","Puente Alto",164540.543909,,
"2007","2007","13301","Colina",34478.1120396,,
"2007","2007","13302","Lampa",34491.82819586,,
"2007","2007","13401","San Bernardo",189685.083843,,
"2008","2008","15101","Arica",93962.37536081,,
"2008","2008","01101","Iquique",164024.31567343,,
"2008","2008","02101","Antofagasta",235839.28747889,,
"2008","2008","02201","Calama",141667.7195684,,
"2008","2008","03101","Copiapó",58646.04595925,,
"2008","2008","04101","La Serena",95936.1517225,,
"2008","2008","04102","Coquimbo",75481.0508164,,
"2008","2008","04301","Ovalle",39369.3651551948,,
"2008","2008","05101","Valparaíso",161762.49295665,,
"2008","2008","05103","Concón",38059.26593818,,
"2008","2008","05109","Viña del Mar",290988.6704732,,
"2008","2008","05301","Los Andes",29857.3903475814,,
"2008","2008","05601","San Antonio",47567.0575563819,,
"2008","2008","05701","San Felipe",28226.6988341839,,
"2008","2008","05801","Quilpué",81116.7411978,,
"2008","2008","05804","Villa Alemana",23749.32206396,,
"2008","2008","06101","Rancagua",85949.10241069,,
"2008","2008","06301","San Fernando",25803.5134396088,,
"2008","2008","07101","Talca",134057.4237858,,
"2008","2008","07301","Curicó",51044.9612414472,,
"2008","2008","07401","Linares",35433.1613410125,,
"2008","2008","08101","Concepción",181609.41659731,,
"2008","2008","08102","Coronel",135152.30053571,,
"2008","2008","08103","Chiguayante",54635.2774519,,
"2008","2008","08105","Hualqui",4749.588278059,,
"2008","2008","08106","Lota",12502.117683169,,
"2008","2008","08107","Penco",54498.295707423,,
"2008","2008","08108","San Pedro de la Paz",123210.76254942,,
"2008","2008","08110","Talcahuano",142519.39109135,,
"2008","2008","08111","Tomé",22082.44163467,,
"2008","2008","08112","Hualpén",56505.25034531,,
"2008","2008","08301","Los Ángeles",63098.79416521,,
"2008","2008","08401","Chillán",72955.19535674,,
"2008","2008","09101","Temuco",125573.14192909,,
"2008","2008","09112","Padre Las Casas",10548.145116503,,
"2008","2008","09201","Angol",11660.5814463435,,
"2008","2008","14101","Valdivia",58135.71913786,,
"2008","2008","10101","Puerto Montt",124492.79301498,,
"2008","2008","10301","Osorno",51195.84533868,,
"2008","2008","11101","Coyhaique",26830.494606351,,
"2008","2008","12101","Punta Arenas",72877.9844150325,,
"2008","2008","13101","Santiago",650225.5202985,,
"2008","2008","13102","Cerrillos",164819.5457353,,
"2008","2008","13103","Cerro Navia",50463.6581637,,
"2008","2008","13104","Conchalí",78929.263271,,
"2008","2008","13105","El Bosque",77704.1186832,,
"2008","2008","13106","Estación Central",164084.5024168,,
"2008","2008","13107","Huechuraba",88210.56052301,,
"2008","2008","13108","Independencia",98625.63079819,,
"2008","2008","13109","La Cisterna",130938.585598,,
"2008","2008","13110","La Florida",309891.128734645,,
"2008","2008","13111","La Granja",120727.735029163,,
"2008","2008","13112","La Pintana",89716.9600839,,
"2008","2008","13113","La Reina",153231.8650242,,
"2008","2008","13114","Las Condes",454015.086911,,
"2008","2008","13115","Lo Barnechea",80155.1044513,,
"2008","2008","13116","Lo Espejo",93204.3092633,,
"2008","2008","13117","Lo Prado",80376.4893386,,
"2008","2008","13118","Macul",232610.56645764,,
"2008","2008","13119","Maipú",316832.095821,,
"2008","2008","13120","Ñuñoa",359720.71328725,,
"2008","2008","13121","Pedro Aguirre Cerda",108192.0783037,,
"2008","2008","13122","Peñalolén",180986.7115472,,
"2008","2008","13123","Providencia",322195.06295795,,
"2008","2008","13124","Pudahuel",146351.2249681,,
"2008","2008","13125","Quilicura",165756.66527,,
"2008","2008","13126","Quinta Normal",147435.6015419,,
"2008","2008","13127","Recoleta",98984.1704938,,
"2008","2008","13128","Renca",168547.700097,,
"2008","2008","13129","San Joaquín",110102.28876,,
"2008","2008","13130","San Miguel",127118.2454764,,
"2008","2008","13131","San Ramón",74979.2375875,,
"2008","2008","13132","Vitacura",178903.2397781,,
"2008","2008","13201","Puente Alto",206949.398887,,
"2008","2008","13301","Colina",72854.5317051,,
"2008","2008","13302","Lampa",72744.8746812,,
"2008","2008","13401","San Bernardo",218266.06060946,,
"2009","2009","15101","Arica",88649.04470757,,
"2009","2009","01101","Iquique",175695.39160918,,
"2009","2009","02101","Antofagasta",245905.487969,,
"2009","2009","02201","Calama",186934.2957436,,
"2009","2009","03101","Copiapó",80561.04337982,,
"2009","2009","04101","La Serena",133727.68691405,,
"2009","2009","04102","Coquimbo",114245.41004043,,
"2009","2009","04301","Ovalle",40995.5244569575,,
"2009","2009","05101","Valparaíso",166807.56101713,,
"2009","2009","05103","Concón",39474.60323241,,
"2009","2009","05109","Viña del Mar",301212.0052306,,
"2009","2009","05301","Los Andes",32087.3672508092,,
"2009","2009","05601","San Antonio",49141.9130336783,,
"2009","2009","05701","San Felipe",27887.4461110722,,
"2009","2009","05801","Quilpué",81078.22038669,,
"2009","2009","05804","Villa Alemana",23188.25276828,,
"2009","2009","06101","Rancagua",134328.1388739,,
"2009","2009","06301","San Fernando",28229.707668939,,
"2009","2009","07101","Talca",131651.14160588,,
"2009","2009","07301","Curicó",53564.9548751263,,
"2009","2009","07401","Linares",38214.474846611,,
"2009","2009","08101","Concepción",201126.8524716,,
"2009","2009","08102","Coronel",140605.63226138,,
"2009","2009","08103","Chiguayante",64832.20518817,,
"2009","2009","08105","Hualqui",5845.174826258,,
"2009","2009","08106","Lota",13709.18658042,,
"2009","2009","08107","Penco",56655.785885285,,
"2009","2009","08108","San Pedro de la Paz",138681.05511782,,
"2009","2009","08110","Talcahuano",150479.49861585,,
"2009","2009","08111","Tomé",25133.878294422,,
"2009","2009","08112","Hualpén",64792.30993284,,
"2009","2009","08301","Los Ángeles",87812.05504975,,
"2009","2009","08401","Chillán",88055.08086051,,
"2009","2009","09101","Temuco",132365.53820155,,
"2009","2009","09112","Padre Las Casas",9178.025216554,,
"2009","2009","09201","Angol",17624.4567045757,,
"2009","2009","14101","Valdivia",63586.19830917,,
"2009","2009","10101","Puerto Montt",161467.52660035,,
"2009","2009","10301","Osorno",46169.90681706,,
"2009","2009","11101","Coyhaique",28282.8401887197,,
"2009","2009","12101","Punta Arenas",73693.0970572592,,
"2009","2009","13101","Santiago",531960.870861304,,
"2009","2009","13102","Cerrillos",168588.0110115,,
"2009","2009","13103","Cerro Navia",35151.17732057,,
"2009","2009","13104","Conchalí",93935.0751322,,
"2009","2009","13105","El Bosque",89833.3343443,,
"2009","2009","13106","Estación Central",138665.487965,,
"2009","2009","13107","Huechuraba",120588.88583735,,
"2009","2009","13108","Independencia",107262.350751977,,
"2009","2009","13109","La Cisterna",159091.204594,,
"2009","2009","13110","La Florida",297377.902419205,,
"2009","2009","13111","La Granja",137857.5086414,,
"2009","2009","13112","La Pintana",149804.7796447,,
"2009","2009","13113","La Reina",126442.629214262,,
"2009","2009","13114","Las Condes",327790.4898701,,
"2009","2009","13115","Lo Barnechea",83547.33047,,
"2009","2009","13116","Lo Espejo",99756.5880835,,
"2009","2009","13117","Lo Prado",44608.835907299,,
"2009","2009","13118","Macul",181733.856638505,,
"2009","2009","13119","Maipú",350479.86698273,,
"2009","2009","13120","Ñuñoa",273164.99051,,
"2009","2009","13121","Pedro Aguirre Cerda",92377.0756571,,
"2009","2009","13122","Peñalolén",185187.28886304,,
"2009","2009","13123","Providencia",306715.42343348,,
"2009","2009","13124","Pudahuel",134425.3565997,,
"2009","2009","13125","Quilicura",222340.0939173,,
"2009","2009","13126","Quinta Normal",112530.62130344,,
"2009","2009","13127","Recoleta",110527.35306302,,
"2009","2009","13128","Renca",176901.8883188,,
"2009","2009","13129","San Joaquín",103017.820635163,,
"2009","2009","13130","San Miguel",143883.4631746,,
"2009","2009","13131","San Ramón",72522.465442032,,
"2009","2009","13132","Vitacura",199406.1260842,,
"2009","2009","13201","Puente Alto",254409.9078183,,
"2009","2009","13301","Colina",149958.1948865,,
"2009","2009","13302","Lampa",98001.5853199,,
"2009","2009","13303","Tiltil",445.755341862,,
"2009","2009","13401","San Bernardo",424602.1368623,,
"2017","2017","15101","Arica",114133.73933,,
"2017","2017","01101","Iquique",212893.12299,,
"2017","2017","02101","Antofagasta",295082.99173,,
"2017","2017","02201","Calama",81822.9948,,
"2017","2017","03101","Copiapó",136345.01674,,
"2017","2017","04101","La Serena",285298.1588,,
"2017","2017","04102","Coquimbo",185032.52176,,
"2017","2017","04301","Ovalle",30425.97078,,
"2017","2017","05101","Valparaíso",141683.51108,,
"2017","2017","05103","Concón",33850.95077,,
"2017","2017","05109","Viña del Mar",97632.08321,,
"2017","2017","05301","Los Andes",82761.142579161,,
"2017","2017","05601","San Antonio",111445.475781362,,
"2017","2017","05701","San Felipe",97523.8343485834,,
"2017","2017","05801","Quilpué",30674.32449,,
"2017","2017","05804","Villa Alemana",17619.39469,,
"2017","2017","06101","Rancagua",210700.08989,,
"2017","2017","06301","San Fernando",88322.0472208545,,
"2017","2017","07101","Talca",160291.93522,,
"2017","2017","07301","Curicó",37547.08233,,
"2017","2017","07401","Linares",26017.15197,,
"2017","2017","08101","Concepción",394398.74294,,
"2017","2017","08102","Coronel",145900.78997,,
"2017","2017","08103","Chiguayante",55876.19376,,
"2017","2017","08105","Hualqui",32886.87569,,
"2017","2017","08106","Lota",28737.31051,,
"2017","2017","08107","Penco",70415.80397,,
"2017","2017","08108","San Pedro de la Paz",151209.33094,,
"2017","2017","08110","Talcahuano",145053.34332,,
"2017","2017","08111","Tomé",30756.82502,,
"2017","2017","08112","Hualpén",53741.93654,,
"2017","2017","08301","Los Ángeles",125397.10689,,
"2017","2017","08401","Chillán",167255.22588,,
"2017","2017","09101","Temuco",288263.65125,,
"2017","2017","09112","Padre Las Casas",32030.34402,,
"2017","2017","09201","Angol",12944.61135,,
"2017","2017","14101","Valdivia",95226.67217,,
"2017","2017","10101","Puerto Montt",176117.02389,,
"2017","2017","10301","Osorno",99083.57235,,
"2017","2017","11101","Coyhaique",50384.2479821481,,
"2017","2017","12101","Punta Arenas",48039.51067,,
"2017","2017","13101","Santiago",569026.43617,,
"2017","2017","13102","Cerrillos",273323.33539,,
"2017","2017","13103","Cerro Navia",58505.93113,,
"2017","2017","13104","Conchalí",154059.07277,,
"2017","2017","13105","El Bosque",106999.58293,,
"2017","2017","13106","Estación Central",248764.11166,,
"2017","2017","13107","Huechuraba",194412.56258,,
"2017","2017","13108","Independencia",151447.50201,,
"2017","2017","13109","La Cisterna",184505.8968,,
"2017","2017","13110","La Florida",382627.81877,,
"2017","2017","13111","La Granja",166991.86327,,
"2017","2017","13112","La Pintana",235458.5772,,
"2017","2017","13113","La Reina",168620.8167,,
"2017","2017","13114","Las Condes",504851.82218,,
"2017","2017","13115","Lo Barnechea",118258.86774,,
"2017","2017","13116","Lo Espejo",114546.84757,,
"2017","2017","13117","Lo Prado",73211.71962,,
"2017","2017","13118","Macul",228867.96124,,
"2017","2017","13119","Maipú",540297.37084,,
"2017","2017","13120","Ñuñoa",329831.74685,,
"2017","2017","13121","Pedro Aguirre Cerda",96029.46922,,
"2017","2017","13122","Peñalolén",217049.15331,,
"2017","2017","13123","Providencia",401041.96178,,
"2017","2017","13124","Pudahuel",264590.97097,,
"2017","2017","13125","Quilicura",349056.51712,,
"2017","2017","13126","Quinta Normal",175092.60395,,
"2017","2017","13127","Recoleta",177076.88524,,
"2017","2017","13128","Renca",239411.53176,,
"2017","2017","13129","San Joaquín",125497.52806,,
"2017","2017","13130","San Miguel",151718.44738,,
"2017","2017","13131","San Ramón",101079.31164,,
"2017","2017","13132","Vitacura",338601.18808,,
"2017","2017","13201","Puente Alto",399332.29875,,
"2017","2017","13301","Colina",380180.92604,,
"2017","2017","13302","Lampa",208001.44197,,
"2017","2017","13303","Tiltil",175454.11754,,
"2017","2017","13401","San Bernardo",565575.90136,,
"2018","2018","15101","Arica",135649.75162,,
"2018","2018","01101","Iquique",257661.87931,,
"2018","2018","01107","Alto Hospicio",63494.27692,,
"2018","2018","02101","Antofagasta",356574.52454,,
"2018","2018","02201","Calama",73443.27399,,
"2018","2018","03101","Copiapó",134952.3685,,
"2018","2018","04101","La Serena",277770.80511,,
"2018","2018","04102","Coquimbo",220378.5545,,
"2018","2018","04301","Ovalle",30936.31631,,
"2018","2018","05101","Valparaíso",317164.98421,,
"2018","2018","05102","Casablanca",4070.96411,,
"2018","2018","05103","Concón",80237.61792,,
"2018","2018","05107","Quintero",12640.57067,,
"2018","2018","05109","Viña del Mar",468870.45934,,
"2018","2018","05301","Los Andes",101682.79345247,,
"2018","2018","05501","Quillota",11708.64255,,
"2018","2018","05601","San Antonio",131535.94120024,,
"2018","2018","05701","San Felipe",79462.64721905,,
"2018","2018","05801","Quilpué",146617.44787,,
"2018","2018","05802","Limache",24329.63684,,
"2018","2018","05804","Villa Alemana",120433.679,,
"2018","2018","06101","Rancagua",210073.29677,,
"2018","2018","06105","Doñihue",160.99899,,
"2018","2018","06106","Graneros",4104.30457,,
"2018","2018","06108","Machalí",45235.10225,,
"2018","2018","06110","Mostazal",244.30514,,
"2018","2018","06111","Olivar",2568.04728,,
"2018","2018","06115","Rengo",151.06975,,
"2018","2018","06116","Requínoa",1431.35984,,
"2018","2018","06301","San Fernando",90673.01728002,,
"2018","2018","07101","Talca",171836.69595,,
"2018","2018","07105","Maule",3350.72612,,
"2018","2018","07301","Curicó",46008.13735,,
"2018","2018","07306","Romeral",1795.18271,,
"2018","2018","07401","Linares",25519.50841,,
"2018","2018","08101","Concepción",272381.94969,,
"2018","2018","08102","Coronel",158142.22006,,
"2018","2018","08103","Chiguayante",73420.90497,,
"2018","2018","08104","Florida",55.56443,,
"2018","2018","08105","Hualqui",6858.96523,,
"2018","2018","08106","Lota",16950.59416,,
"2018","2018","08107","Penco",69560.66523,,
"2018","2018","08108","San Pedro de la Paz",228336.04672,,
"2018","2018","08109","Santa Juana",36.76349,,
"2018","2018","08110","Talcahuano",203797.61544,,
"2018","2018","08111","Tomé",32645.81563,,
"2018","2018","08112","Hualpén",93003.94747,,
"2018","2018","08202","Arauco",94.23788,,
"2018","2018","08301","Los Ángeles",125359.57538,,
"2018","2018","08306","Nacimiento",3.517602154,,
"2018","2018","08310","San Rosendo",4.4856328386,,
"2018","2018","08313","Yumbel",20.82497,,
"2018","2018","09101","Temuco",252258.57915,,
"2018","2018","09112","Padre Las Casas",26851.66131,,
"2018","2018","09119","Vilcún",2021.03893,,
"2018","2018","09201","Angol",14729.42051,,
"2018","2018","14101","Valdivia",78663.28854,,
"2018","2018","10101","Puerto Montt",129661.73695,,
"2018","2018","10301","Osorno",104019.37709,,
"2018","2018","11101","Coyhaique",90547.10181969,,
"2018","2018","12101","Punta Arenas",78838.55071,,
"2018","2018","13101","Santiago",512414.67688,,
"2018","2018","13102","Cerrillos",172796.00516,,
"2018","2018","13103","Cerro Navia",49778.2378741264,,
"2018","2018","13104","Conchalí",201803.36346,,
"2018","2018","13105","El Bosque",56842.919,,
"2018","2018","13106","Estación Central",168710.67525,,
"2018","2018","13107","Huechuraba",176687.09486,,
"2018","2018","13108","Independencia",126082.19464,,
"2018","2018","13109","La Cisterna",118114.76411,,
"2018","2018","13110","La Florida",334811.162,,
"2018","2018","13111","La Granja",138943.66698,,
"2018","2018","13112","La Pintana",119118.37576,,
"2018","2018","13113","La Reina",127222.96279,,
"2018","2018","13114","Las Condes",406415.70965,,
"2018","2018","13115","Lo Barnechea",97077.48797,,
"2018","2018","13116","Lo Espejo",78324.157,,
"2018","2018","13117","Lo Prado",53844.69978,,
"2018","2018","13118","Macul",148103.820024685,,
"2018","2018","13119","Maipú",395243.57043,,
"2018","2018","13120","Ñuñoa",219633.47929,,
"2018","2018","13121","Pedro Aguirre Cerda",65095.96882,,
"2018","2018","13122","Peñalolén",148400.3532086,,
"2018","2018","13123","Providencia",322571.77852,,
"2018","2018","13124","Pudahuel",218701.98185,,
"2018","2018","13125","Quilicura",329468.92589,,
"2018","2018","13126","Quinta Normal",134696.11188,,
"2018","2018","13127","Recoleta",131940.28013,,
"2018","2018","13128","Renca",223628.19407,,
"2018","2018","13129","San Joaquín",89739.04709,,
"2018","2018","13130","San Miguel",109472.49126,,
"2018","2018","13131","San Ramón",55002.80482,,
"2018","2018","13132","Vitacura",270090.39131,,
"2018","2018","13201","Puente Alto",317268.40951,,
"2018","2018","13202","Pirque",20135.94385,,
"2018","2018","13203","San José de Maipo",15610.03171,,
"2018","2018","13301","Colina",323911.35254,,
"2018","2018","13302","Lampa",167193.68346,,
"2018","2018","13303","Tiltil",96519.51466,,
"2018","2018","13401","San Bernardo",308456.70331,,
"2018","2018","13402","Buin",101165.36882,,
"2018","2018","13403","Calera de Tango",39779.54494,,
"2018","2018","13404","Paine",67416.97906,,
"2018","2018","13501","Melipilla",25631.72144,,
"2018","2018","13503","Curacaví",68.80433,,
"2018","2018","13601","Talagante",61987.47002,,
"2018","2018","13602","El Monte",24331.8096,,
"2018","2018","13603","Isla de Maipo",3275.22484,,
"2018","2018","13604","Padre Hurtado",51643.91912,,
"2018","2018","13605","Peñaflor",24840.43267,,
"2018","2018","16101","Chillán",149638.44803,,
"2018","2018","16102","Bulnes",5.99082502,,
"2018","2018","16103","Chillán Viejo",16978.432,,
"2018","2018","16107","Quillón",3.5090029208,,
"2018","2018","16202","Cobquecura",1.4589113132,,
"2018","2018","16203","Coelemu",36.01271,,
"2018","2018","16204","Ninhue",2.9419024732,,
"2018","2018","16205","Portezuelo",9.2950070542,,
"2018","2018","16206","Ranquil",34.12284,,
"2018","2018","16207","Treguaco",19.81076,,
"2019","2019","15101","Arica",137634.49927,,
"2019","2019","01101","Iquique",263244.60449,,
"2019","2019","01107","Alto Hospicio",66634.24722,,
"2019","2019","02101","Antofagasta",368433.24663,,
"2019","2019","02201","Calama",74043.90719,,
"2019","2019","03101","Copiapó",136301.57647,,
"2019","2019","04101","La Serena",291727.52114,,
"2019","2019","04102","Coquimbo",228879.59648,,
"2019","2019","04301","Ovalle",32405.40744,,
"2019","2019","05101","Valparaíso",329704.33027,,
"2019","2019","05102","Casablanca",4248.78827,,
"2019","2019","05103","Concón",87299.75792,,
"2019","2019","05107","Quintero",12933.61842,,
"2019","2019","05109","Viña del Mar",491870.84265,,
"2019","2019","05301","Los Andes",111084.862087,,
"2019","2019","05501","Quillota",12219.84647,,
"2019","2019","05601","San Antonio",138492.95529,,
"2019","2019","05701","San Felipe",79357.7054026,,
"2019","2019","05801","Quilpué",151015.30078,,
"2019","2019","05802","Limache",25426.83063,,
"2019","2019","05804","Villa Alemana",124563.33325,,
"2019","2019","06101","Rancagua",228161.3535,,
"2019","2019","06105","Doñihue",164.90756,,
"2019","2019","06106","Graneros",4894.01692,,
"2019","2019","06108","Machalí",47926.28727,,
"2019","2019","06110","Mostazal",250.51196,,
"2019","2019","06111","Olivar",2645.48007,,
"2019","2019","06115","Rengo",155.0439,,
"2019","2019","06116","Requínoa",1468.38019,,
"2019","2019","06301","San Fernando",96446.0100613,,
"2019","2019","07101","Talca",179740.57232,,
"2019","2019","07105","Maule",3539.64428,,
"2019","2019","07301","Curicó",46777.72801,,
"2019","2019","07306","Romeral",1913.73228,,
"2019","2019","07401","Linares",29003.73883,,
"2019","2019","08101","Concepción",278777.49706,,
"2019","2019","08102","Coronel",159221.39748,,
"2019","2019","08103","Chiguayante",74082.0051,,
"2019","2019","08104","Florida",58.66952,,
"2019","2019","08105","Hualqui",6912.80659,,
"2019","2019","08106","Lota",17342.07614,,
"2019","2019","08107","Penco",69666.49537,,
"2019","2019","08108","San Pedro de la Paz",229133.46391,,
"2019","2019","08109","Santa Juana",43.06262,,
"2019","2019","08110","Talcahuano",216555.11152,,
"2019","2019","08111","Tomé",32718.13505,,
"2019","2019","08112","Hualpén",95125.9579,,
"2019","2019","08202","Arauco",113.2056,,
"2019","2019","08301","Los Ángeles",128654.04736,,
"2019","2019","08306","Nacimiento",3.59605,,
"2019","2019","08310","San Rosendo",5.04434,,
"2019","2019","08313","Yumbel",23.01842,,
"2019","2019","09101","Temuco",299394.54408,,
"2019","2019","09112","Padre Las Casas",27709.95995,,
"2019","2019","09119","Vilcún",3397.0394,,
"2019","2019","09201","Angol",15980.0714,,
"2019","2019","14101","Valdivia",86088.50605,,
"2019","2019","10101","Puerto Montt",135563.33556,,
"2019","2019","10301","Osorno",111966.99175,,
"2019","2019","11101","Coyhaique",92909.6505675,,
"2019","2019","12101","Punta Arenas",80799.78207,,
"2019","2019","13101","Santiago",529827.69895,,
"2019","2019","13102","Cerrillos",181463.17467,,
"2019","2019","13103","Cerro Navia",46091.045594,,
"2019","2019","13104","Conchalí",128485.09383,,
"2019","2019","13105","El Bosque",59930.83543,,
"2019","2019","13106","Estación Central",177029.00941,,
"2019","2019","13107","Huechuraba",157412.7934,,
"2019","2019","13108","Independencia",130762.9515,,
"2019","2019","13109","La Cisterna",121178.97996,,
"2019","2019","13110","La Florida",369790.31695,,
"2019","2019","13111","La Granja",141056.72327,,
"2019","2019","13112","La Pintana",124585.62639,,
"2019","2019","13113","La Reina",124607.99009,,
"2019","2019","13114","Las Condes",397212.52184,,
"2019","2019","13115","Lo Barnechea",98198.7787,,
"2019","2019","13116","Lo Espejo",80215.21883,,
"2019","2019","13117","Lo Prado",59436.49878,,
"2019","2019","13118","Macul",151091.906885,,
"2019","2019","13119","Maipú",385930.69121,,
"2019","2019","13120","Ñuñoa",227384.08515,,
"2019","2019","13121","Pedro Aguirre Cerda",64616.01907,,
"2019","2019","13122","Peñalolén",149714.66977,,
"2019","2019","13123","Providencia",347459.00875,,
"2019","2019","13124","Pudahuel",242891.77077,,
"2019","2019","13125","Quilicura",299825.34109,,
"2019","2019","13126","Quinta Normal",145222.30459,,
"2019","2019","13127","Recoleta",142837.17077,,
"2019","2019","13128","Renca",203404.08913,,
"2019","2019","13129","San Joaquín",87294.35358,,
"2019","2019","13130","San Miguel",118156.57501,,
"2019","2019","13131","San Ramón",58318.15183,,
"2019","2019","13132","Vitacura",249401.49962,,
"2019","2019","13201","Puente Alto",358609.92124,,
"2019","2019","13202","Pirque",23933.31355,,
"2019","2019","13203","San José de Maipo",15296.62299,,
"2019","2019","13301","Colina",279192.59045,,
"2019","2019","13302","Lampa",163712.35581,,
"2019","2019","13303","Tiltil",85816.53429,,
"2019","2019","13401","San Bernardo",302883.32381,,
"2019","2019","13402","Buin",102904.03896,,
"2019","2019","13403","Calera de Tango",42772.82999,,
"2019","2019","13404","Paine",71131.11472,,
"2019","2019","13501","Melipilla",29255.82948,,
"2019","2019","13503","Curacaví",74.35064,,
"2019","2019","13601","Talagante",65313.69272,,
"2019","2019","13602","El Monte",27479.9235,,
"2019","2019","13603","Isla de Maipo",3206.14325,,
"2019","2019","13604","Padre Hurtado",45280.06636,,
"2019","2019","13605","Peñaflor",25622.55274,,
"2019","2019","16101","Chillán",178715.71422,,
"2019","2019","16102","Bulnes",0.73355356,,
"2019","2019","16103","Chillán Viejo",20135.64925,,
"2019","2019","16107","Quillón",0.42500205,,
"2019","2019","16202","Cobquecura",1.55643781,,
"2019","2019","16203","Coelemu",38.76613,,
"2019","2019","16204","Ninhue",3.13074,,
"2019","2019","16205","Portezuelo",10.08852,,
"2019","2019","16206","Ranquil",37.54285,,
"2019","2019","16207","Treguaco",21.42578,,
"2020","2020","15101","Arica",104987.36299,,
"2020","2020","01101","Iquique",212502.4072,,
"2020","2020","01107","Alto Hospicio",55349.57881,,
"2020","2020","02101","Antofagasta",312814.52411,,
"2020","2020","02201","Calama",64109.96828,,
"2020","2020","03101","Copiapó",123553.12803,,
"2020","2020","04101","La Serena",308433.53349,,
"2020","2020","04102","Coquimbo",228193.54027,,
"2020","2020","04301","Ovalle",28096.14265,,
"2020","2020","05101","Valparaíso",281493.38182,,
"2020","2020","05102","Casablanca",3783.65194,,
"2020","2020","05103","Concón",77949.59507,,
"2020","2020","05107","Quintero",11101.41308,,
"2020","2020","05109","Viña del Mar",430259.48497,,
"2020","2020","05301","Los Andes",97221.381653513,,
"2020","2020","05501","Quillota",10776.06562,,
"2020","2020","05601","San Antonio",144568.781482114,,
"2020","2020","05701","San Felipe",74142.266473577,,
"2020","2020","05801","Quilpué",137473.38313,,
"2020","2020","05802","Limache",22476.9973,,
"2020","2020","05804","Villa Alemana",103011.9015,,
"2020","2020","06101","Rancagua",197535.79427,,
"2020","2020","06105","Doñihue",140.47923,,
"2020","2020","06106","Graneros",4150.76854,,
"2020","2020","06108","Machalí",40507.43803,,
"2020","2020","06110","Mostazal",212.92647,,
"2020","2020","06111","Olivar",2258.73741,,
"2020","2020","06115","Rengo",132.10118,,
"2020","2020","06116","Requínoa",1251.12908,,
"2020","2020","06301","San Fernando",95005.781253902,,
"2020","2020","07101","Talca",107248.63397,,
"2020","2020","07105","Maule",3063.56387,,
"2020","2020","07301","Curicó",40496.14554,,
"2020","2020","07306","Romeral",1673.92677,,
"2020","2020","07401","Linares",24644.37615,,
"2020","2020","08101","Concepción",249029.13837,,
"2020","2020","08102","Coronel",144307.92804,,
"2020","2020","08103","Chiguayante",64944.05042,,
"2020","2020","08104","Florida",50.9428,,
"2020","2020","08105","Hualqui",6142.08579,,
"2020","2020","08106","Lota",14844.29252,,
"2020","2020","08107","Penco",61237.7311,,
"2020","2020","08108","San Pedro de la Paz",218229.70731,,
"2020","2020","08109","Santa Juana",33.4261,,
"2020","2020","08110","Talcahuano",198593.87177,,
"2020","2020","08111","Tomé",28946.2667,,
"2020","2020","08112","Hualpén",85750.43915,,
"2020","2020","08202","Arauco",86.78551,,
"2020","2020","08306","Nacimiento",2.98562833,,
"2020","2020","08310","San Rosendo",4.09727,,
"2020","2020","08313","Yumbel",19.72319,,
"2020","2020","09101","Temuco",256726.16542,,
"2020","2020","09112","Padre Las Casas",23963.68721,,
"2020","2020","09119","Vilcún",2827.23308,,
"2020","2020","09201","Angol",12094.11752,,
"2020","2020","14101","Valdivia",71005.18485,,
"2020","2020","10101","Puerto Montt",120397.1361,,
"2020","2020","10301","Osorno",99537.83388,,
"2020","2020","11101","Coyhaique",91150.11156994,,
"2020","2020","12101","Punta Arenas",56627.8213,,
"2020","2020","13101","Santiago",408487.12674,,
"2020","2020","13102","Cerrillos",148681.40864,,
"2020","2020","13103","Cerro Navia",35523.86713352,,
"2020","2020","13104","Conchalí",105521.79226,,
"2020","2020","13105","El Bosque",46425.07548,,
"2020","2020","13106","Estación Central",141506.37536,,
"2020","2020","13107","Huechuraba",125632.52556,,
"2020","2020","13108","Independencia",103518.21875,,
"2020","2020","13109","La Cisterna",95806.03954,,
"2020","2020","13110","La Florida",293073.57239,,
"2020","2020","13111","La Granja",110419.07422,,
"2020","2020","13112","La Pintana",97035.37432,,
"2020","2020","13113","La Reina",98525.2234,,
"2020","2020","13114","Las Condes",314944.5276,,
"2020","2020","13115","Lo Barnechea",87169.4621,,
"2020","2020","13116","Lo Espejo",65236.61573,,
"2020","2020","13117","Lo Prado",45836.61407,,
"2020","2020","13118","Macul",119032.88393365,,
"2020","2020","13119","Maipú",307173.51627,,
"2020","2020","13120","Ñuñoa",176378.13619,,
"2020","2020","13121","Pedro Aguirre Cerda",50526.83795,,
"2020","2020","13122","Peñalolén",118152.44463722,,
"2020","2020","13123","Providencia",275820.39741,,
"2020","2020","13124","Pudahuel",201307.31594,,
"2020","2020","13125","Quilicura",251110.63205,,
"2020","2020","13126","Quinta Normal",115591.72585,,
"2020","2020","13127","Recoleta",111757.46533,,
"2020","2020","13128","Renca",171291.54763,,
"2020","2020","13129","San Joaquín",68546.43476,,
"2020","2020","13130","San Miguel",92492.10247,,
"2020","2020","13131","San Ramón",46439.13096,,
"2020","2020","13132","Vitacura",205947.57991,,
"2020","2020","13201","Puente Alto",278623.35572,,
"2020","2020","13202","Pirque",19446.17405,,
"2020","2020","13203","San José de Maipo",11989.82077,,
"2020","2020","13301","Colina",232847.96894,,
"2020","2020","13302","Lampa",136055.02171,,
"2020","2020","13303","Tiltil",67929.0375,,
"2020","2020","13401","San Bernardo",237321.73704,,
"2020","2020","13402","Buin",82864.44445,,
"2020","2020","13403","Calera de Tango",33560.05921,,
"2020","2020","13404","Paine",56140.59909,,
"2020","2020","13501","Melipilla",23143.03828,,
"2020","2020","13503","Curacaví",58.23015,,
"2020","2020","13601","Talagante",51363.54706,,
"2020","2020","13602","El Monte",21834.10274,,
"2020","2020","13603","Isla de Maipo",2574.50126,,
"2020","2020","13604","Padre Hurtado",35357.62503,,
"2020","2020","13605","Peñaflor",20452.49664,,
"2020","2020","16101","Chillán",162117.87409,,
"2020","2020","16102","Bulnes",6.13633,,
"2020","2020","16103","Chillán Viejo",17999.46182,,
"2020","2020","16107","Quillón",3.59361,,
"2020","2020","16202","Cobquecura",1.29310524,,
"2020","2020","16203","Coelemu",31.84566,,
"2020","2020","16204","Ninhue",2.56932,,
"2020","2020","16205","Portezuelo",8.16499,,
"2020","2020","16206","Ranquil",30.16295,,
"2020","2020","16207","Treguaco",17.62112,,
"2021","2021","15101","Arica",172418.383612303,,
"2021","2021","01101","Iquique",298338.658300842,,
"2021","2021","01107","Alto Hospicio",82587.051196878,,
"2021","2021","02101","Antofagasta",449309.290860238,,
"2021","2021","02201","Calama",111880.178501477,,
"2021","2021","04101","La Serena",353674.250044303,,
"2021","2021","04102","Coquimbo",264370.259639045,,
"2021","2021","04301","Ovalle",45779.32348682,,
"2021","2021","05107","Quintero",12108.116546554,,
"2021","2021","05109","Viña del Mar",584233.879179852,,
"2021","2021","05301","Los Andes",66677.30161638,,
"2021","2021","05601","San Antonio",93035.731832277,,
"2021","2021","05701","San Felipe",68313.111565721,,
"2021","2021","05802","Limache",11310.115881964,,
"2021","2021","05804","Villa Alemana",132288.145023028,,
"2021","2021","06101","Rancagua",310148.529914592,,
"2021","2021","06111","Olivar",28478.031678779,,
"2021","2021","06301","San Fernando",90998.499298013,,
"2021","2021","07101","Talca",224595.381519808,,
"2021","2021","07105","Maule",2088.596214049,,
"2021","2021","07306","Romeral",1032.218404279,,
"2021","2021","07401","Linares",70427.40026594,,
"2021","2021","08102","Coronel",213092.580149457,,
"2021","2021","08103","Chiguayante",125185.235584514,,
"2021","2021","08105","Hualqui",13350.247255699,,
"2021","2021","08106","Lota",24521.722448832,,
"2021","2021","08107","Penco",125117.793947069,,
"2021","2021","08108","San Pedro de la Paz",299271.871104875,,
"2021","2021","08110","Talcahuano",366715.626865906,,
"2021","2021","09101","Temuco",330977.628143732,,
"2021","2021","09201","Angol",24608.775704375,,
"2021","2021","14101","Valdivia",119445.35278531,,
"2021","2021","10101","Puerto Montt",193642.30452347,,
"2021","2021","10301","Osorno",151186.503996734,,
"2021","2021","11101","Coyhaique",92199.008418759,,
"2021","2021","12101","Punta Arenas",141322.313368367,,
"2021","2021","13101","Santiago",477584.581894695,,
"2021","2021","13102","Cerrillos",175193.374844346,,
"2021","2021","13103","Cerro Navia",45923.864339482,,
"2021","2021","13105","El Bosque",69812.889248432,,
"2021","2021","13107","Huechuraba",145963.856699601,,
"2021","2021","13108","Independencia",139715.347786423,,
"2021","2021","13109","La Cisterna",117109.245451595,,
"2021","2021","13110","La Florida",384766.478170399,,
"2021","2021","13111","La Granja",148131.54091723,,
"2021","2021","13112","La Pintana",136792.789539319,,
"2021","2021","13113","La Reina",124931.575326787,,
"2021","2021","13114","Las Condes",375262.733174112,,
"2021","2021","13115","Lo Barnechea",94398.0487696,,
"2021","2021","13116","Lo Espejo",81717.468891927,,
"2021","2021","13117","Lo Prado",61540.558243056,,
"2021","2021","13118","Macul",153298.77534734,,
"2021","2021","13120","Ñuñoa",227119.92546032,,
"2021","2021","13121","Pedro Aguirre Cerda",62443.00958697,,
"2021","2021","13123","Providencia",297949.13919524,,
"2021","2021","13124","Pudahuel",252470.1553902,,
"2021","2021","13125","Quilicura",326743.940669046,,
"2021","2021","13126","Quinta Normal",136336.874654595,,
"2021","2021","13127","Recoleta",137197.845336334,,
"2021","2021","13128","Renca",199826.612392391,,
"2021","2021","13130","San Miguel",130477.949927437,,
"2021","2021","13132","Vitacura",242478.351990623,,
"2021","2021","13201","Puente Alto",442744.657634936,,
"2021","2021","13202","Pirque",30815.07682111,,
"2021","2021","13301","Colina",309766.278730932,,
"2021","2021","13302","Lampa",205797.02598049,,
"2021","2021","13303","Tiltil",89198.691305702,,
"2021","2021","13401","San Bernardo",328739.743121759,,
"2021","2021","13402","Buin",85954.856597554,,
"2021","2021","13403","Calera de Tango",45199.267298095,,
"2021","2021","13404","Paine",58389.747057309,,
"2021","2021","13601","Talagante",145451.224568407,,
"2021","2021","13603","Isla de Maipo",5438.40757169,,
"2021","2021","13604","Padre Hurtado",46328.370850387,,
"2021","2021","13605","Peñaflor",40565.253859318,,
